chr	start	end	name	score	strand	matched_reads	coverage_dp1	len_gen_bp	rel_coverage_dp1	bp_at_10dp	bp_at_20dp	bp_at_30dp
2	191829084	191885686	STAT1	0	-	4842	29627	56602	0.5234267	0.2151691	0.1699587	0.1356489
6	29909037	29913661	HLA-A	0	+	0	0	4624	0.0	0.0	0.0	0.0
17	7565097	7590856	TP53	0	-	0	0	25759	0.0	0.0	0.0	0.0
